"Model ID","Model Name","Created","Context Length","Prompt Cost $ per 1M Tokens","Completion Cost $ per 1M Tokens","Tool Calling","Structured Outputs","Reasoning","Response Format","Web Search"
"ai21/jamba-large-1.7","☆AI21: Jamba Large 1.7","2025-08-08","256000","2.00","8.00","✓","-","-","✓","-"
"ai21/jamba-mini-1.7","☆AI21: Jamba Mini 1.7","2025-08-08","256000","0.20","0.40","✓","-","-","✓","-"
"aion-labs/aion-1.0","☆AionLabs: Aion-1.0","2025-02-04","131072","4.00","8.00","-","-","✓","-","-"
"aion-labs/aion-1.0-mini","☆AionLabs: Aion-1.0-Mini","2025-02-04","131072","0.70","1.40","-","-","✓","-","-"
"aion-labs/aion-rp-llama-3.1-8b","☆AionLabs: Aion-RP 1.0 (8B)","2025-02-04","32768","0.20","0.20","-","-","-","-","-"
"alfredpros/codellama-7b-instruct-solidity","☆AlfredPros: CodeLLaMa 7B Instruct Solidity","2025-04-14","4096","0.80","1.20","-","-","-","-","-"
"alibaba/tongyi-deepresearch-30b-a3b","☆Tongyi DeepResearch 30B A3B","2025-09-18","131072","0.09","0.40","✓","✓","✓","✓","-"
"alibaba/tongyi-deepresearch-30b-a3b:free","☆Tongyi DeepResearch 30B A3B (free)","2025-09-18","131072","0.00","0.00","✓","✓","✓","✓","-"
"allenai/olmo-2-0325-32b-instruct","☆AllenAI: Olmo 2 32B Instruct","2025-03-14","128000","0.05","0.20","-","-","-","-","-"
"allenai/olmo-3-32b-think:free","☆AllenAI: Olmo 3 32B Think (free)","2025-11-21","65536","0.00","0.00","-","✓","✓","✓","-"
"allenai/olmo-3-7b-instruct","☆AllenAI: Olmo 3 7B Instruct","2025-11-21","65536","0.10","0.20","✓","✓","-","✓","-"
"allenai/olmo-3-7b-think","☆AllenAI: Olmo 3 7B Think","2025-11-21","65536","0.12","0.20","-","✓","✓","✓","-"
"alpindale/goliath-120b","☆Goliath 120B","2023-11-10","6144","6.00","8.00","-","-","-","✓","-"
"amazon/nova-2-lite-v1","☆Amazon: Nova 2 Lite","2025-12-02","1000000","0.30","2.50","✓","-","✓","-","-"
"amazon/nova-2-lite-v1:free","☆Amazon: Nova 2 Lite (free)","2025-12-02","1000000","0.00","0.00","✓","-","✓","-","-"
"amazon/nova-lite-v1","☆Amazon: Nova Lite 1.0","2024-12-05","300000","0.06","0.24","-","-","-","-","-"
"amazon/nova-micro-v1","☆Amazon: Nova Micro 1.0","2024-12-05","128000","0.04","0.14","-","-","-","-","-"
"amazon/nova-premier-v1","☆Amazon: Nova Premier 1.0","2025-10-31","1000000","2.50","12.50","-","-","-","-","-"
"amazon/nova-pro-v1","☆Amazon: Nova Pro 1.0","2024-12-05","300000","0.80","3.20","-","-","-","-","-"
"anthracite-org/magnum-v4-72b","☆Magnum v4 72B","2024-10-22","16384","3.00","5.00","-","-","-","✓","-"
"anthropic/claude-3-haiku","☆Anthropic: Claude 3 Haiku","2024-03-13","200000","0.25","1.25","✓","-","-","-","-"
"anthropic/claude-3-opus","☆Anthropic: Claude 3 Opus","2024-03-05","200000","15.00","75.00","✓","-","-","-","-"
"anthropic/claude-3.5-haiku","☆Anthropic: Claude 3.5 Haiku","2024-11-04","200000","0.80","4.00","✓","-","-","-","-"
"anthropic/claude-3.5-haiku-20241022","☆Anthropic: Claude 3.5 Haiku (2024-10-22)","2024-11-04","200000","0.80","4.00","✓","-","-","-","-"
"anthropic/claude-3.5-sonnet","☆Anthropic: Claude 3.5 Sonnet","2024-10-22","200000","6.00","30.00","✓","-","-","-","-"
"anthropic/claude-3.7-sonnet","☆Anthropic: Claude 3.7 Sonnet","2025-02-24","200000","3.00","15.00","✓","-","✓","-","-"
"anthropic/claude-3.7-sonnet:thinking","☆Anthropic: Claude 3.7 Sonnet (thinking)","2025-02-24","200000","3.00","15.00","✓","-","✓","-","-"
"anthropic/claude-haiku-4.5","☆Anthropic: Claude Haiku 4.5","2025-10-15","200000","1.00","5.00","✓","-","✓","-","-"
"anthropic/claude-opus-4","☆Anthropic: Claude Opus 4","2025-05-22","200000","15.00","75.00","✓","-","✓","-","-"
"anthropic/claude-opus-4.1","☆Anthropic: Claude Opus 4.1","2025-08-05","200000","15.00","75.00","✓","✓","✓","✓","-"
"anthropic/claude-opus-4.5","☆Anthropic: Claude Opus 4.5","2025-11-24","200000","5.00","25.00","✓","✓","✓","✓","-"
"anthropic/claude-sonnet-4","☆Anthropic: Claude Sonnet 4","2025-05-22","1000000","3.00","15.00","✓","-","✓","-","-"
"anthropic/claude-sonnet-4.5","☆Anthropic: Claude Sonnet 4.5","2025-09-29","1000000","3.00","15.00","✓","✓","✓","✓","-"
"arcee-ai/coder-large","☆Arcee AI: Coder Large","2025-05-05","32768","0.50","0.80","-","-","-","-","-"
"arcee-ai/maestro-reasoning","☆Arcee AI: Maestro Reasoning","2025-05-05","131072","0.90","3.30","-","-","-","-","-"
"arcee-ai/spotlight","☆Arcee AI: Spotlight","2025-05-05","131072","0.18","0.18","-","-","-","-","-"
"arcee-ai/trinity-mini","☆Arcee AI: Trinity Mini","2025-12-01","131072","0.04","0.15","✓","✓","✓","✓","-"
"arcee-ai/trinity-mini:free","☆Arcee AI: Trinity Mini (free)","2025-12-01","131072","0.00","0.00","✓","✓","✓","✓","-"
"arcee-ai/virtuoso-large","☆Arcee AI: Virtuoso Large","2025-05-05","131072","0.75","1.20","✓","-","-","-","-"
"arliai/qwq-32b-arliai-rpr-v1","☆ArliAI: QwQ 32B RpR v1","2025-04-13","32768","0.03","0.11","-","✓","✓","✓","-"
"baidu/ernie-4.5-21b-a3b","☆Baidu: ERNIE 4.5 21B A3B","2025-08-12","120000","0.06","0.22","✓","-","-","-","-"
"baidu/ernie-4.5-21b-a3b-thinking","☆Baidu: ERNIE 4.5 21B A3B Thinking","2025-10-09","131072","0.06","0.22","-","-","✓","-","-"
"baidu/ernie-4.5-300b-a47b","☆Baidu: ERNIE 4.5 300B A47B","2025-06-30","123000","0.22","0.88","-","✓","-","✓","-"
"baidu/ernie-4.5-vl-28b-a3b","☆Baidu: ERNIE 4.5 VL 28B A3B","2025-08-12","30000","0.11","0.45","✓","-","✓","-","-"
"baidu/ernie-4.5-vl-424b-a47b","☆Baidu: ERNIE 4.5 VL 424B A47B","2025-06-30","123000","0.34","1.00","-","-","✓","-","-"
"bytedance/ui-tars-1.5-7b","☆ByteDance: UI-TARS 7B","2025-07-22","128000","0.10","0.20","-","-","-","-","-"
"cognitivecomputations/dolphin-mistral-24b-venice-edition:free","☆Venice: Uncensored (free)","2025-07-09","32768","0.00","0.00","-","✓","-","✓","-"
"cohere/command-a","☆Cohere: Command A","2025-03-13","256000","2.50","10.00","-","✓","-","✓","-"
"cohere/command-r-08-2024","☆Cohere: Command R (08-2024)","2024-08-30","128000","0.15","0.60","✓","✓","-","✓","-"
"cohere/command-r-plus-08-2024","☆Cohere: Command R+ (08-2024)","2024-08-30","128000","2.50","10.00","✓","✓","-","✓","-"
"cohere/command-r7b-12-2024","☆Cohere: Command R7B (12-2024)","2024-12-14","128000","0.04","0.15","-","✓","-","✓","-"
"deepcogito/cogito-v2-preview-llama-109b-moe","☆Cogito V2 Preview Llama 109B","2025-09-02","32767","0.18","0.59","✓","-","✓","-","-"
"deepcogito/cogito-v2-preview-llama-405b","☆Deep Cogito: Cogito V2 Preview Llama 405B","2025-10-17","32768","3.50","3.50","✓","✓","✓","✓","-"
"deepcogito/cogito-v2-preview-llama-70b","☆Deep Cogito: Cogito V2 Preview Llama 70B","2025-09-02","32768","0.88","0.88","✓","✓","✓","✓","-"
"deepcogito/cogito-v2.1-671b","☆Deep Cogito: Cogito v2.1 671B","2025-11-13","128000","1.25","1.25","-","✓","✓","✓","-"
"deepseek/deepseek-chat","☆DeepSeek: DeepSeek V3","2024-12-26","163840","0.30","1.20","✓","✓","-","✓","-"
"deepseek/deepseek-chat-v3-0324","☆DeepSeek: DeepSeek V3 0324","2025-03-24","163840","0.20","0.88","✓","✓","✓","✓","-"
"deepseek/deepseek-chat-v3.1","☆DeepSeek: DeepSeek V3.1","2025-08-21","8192","0.15","0.75","✓","✓","✓","✓","-"
"deepseek/deepseek-prover-v2","☆DeepSeek: DeepSeek Prover V2","2025-04-30","163840","0.50","2.18","-","-","-","✓","-"
"deepseek/deepseek-r1","☆DeepSeek: R1","2025-01-20","163840","0.30","1.20","✓","✓","✓","✓","-"
"deepseek/deepseek-r1-0528","☆DeepSeek: R1 0528","2025-05-28","163840","0.40","1.75","✓","✓","✓","✓","-"
"deepseek/deepseek-r1-0528-qwen3-8b","☆DeepSeek: DeepSeek R1 0528 Qwen3 8B","2025-05-29","32768","0.02","0.10","-","✓","✓","✓","-"
"deepseek/deepseek-r1-distill-llama-70b","☆DeepSeek: R1 Distill Llama 70B","2025-01-23","131072","0.03","0.13","✓","✓","✓","✓","-"
"deepseek/deepseek-r1-distill-qwen-14b","☆DeepSeek: R1 Distill Qwen 14B","2025-01-29","32768","0.12","0.12","-","✓","✓","✓","-"
"deepseek/deepseek-r1-distill-qwen-32b","☆DeepSeek: R1 Distill Qwen 32B","2025-01-29","64000","0.24","0.24","-","✓","✓","✓","-"
"deepseek/deepseek-v3.1-terminus","☆DeepSeek: DeepSeek V3.1 Terminus","2025-09-22","163840","0.21","0.79","✓","✓","✓","✓","-"
"deepseek/deepseek-v3.1-terminus:exacto","☆DeepSeek: DeepSeek V3.1 Terminus (exacto)","2025-09-22","163840","0.21","0.79","✓","✓","✓","✓","-"
"deepseek/deepseek-v3.2","☆DeepSeek: DeepSeek V3.2","2025-12-01","163840","0.26","0.39","✓","✓","✓","✓","-"
"deepseek/deepseek-v3.2-exp","☆DeepSeek: DeepSeek V3.2 Exp","2025-09-29","163840","0.21","0.32","✓","✓","✓","✓","-"
"deepseek/deepseek-v3.2-speciale","☆DeepSeek: DeepSeek V3.2 Speciale","2025-12-01","163840","0.27","0.41","-","✓","✓","✓","-"
"eleutherai/llemma_7b","☆EleutherAI: Llemma 7b","2025-04-14","4096","0.80","1.20","-","-","-","-","-"
"essentialai/rnj-1-instruct","☆EssentialAI: Rnj 1 Instruct","2025-12-07","32768","0.15","0.15","-","✓","-","✓","-"
"google/gemini-2.0-flash-001","☆Google: Gemini 2.0 Flash","2025-02-05","1048576","0.10","0.40","✓","✓","-","✓","-"
"google/gemini-2.0-flash-exp:free","☆Google: Gemini 2.0 Flash Experimental (free)","2024-12-11","1048576","0.00","0.00","✓","-","-","✓","-"
"google/gemini-2.0-flash-lite-001","☆Google: Gemini 2.0 Flash Lite","2025-02-25","1048576","0.07","0.30","✓","✓","-","✓","-"
"google/gemini-2.5-flash","☆Google: Gemini 2.5 Flash","2025-06-17","1048576","0.30","2.50","✓","✓","✓","✓","-"
"google/gemini-2.5-flash-image","☆Google: Gemini 2.5 Flash Image (Nano Banana)","2025-10-07","32768","0.30","2.50","-","✓","-","✓","-"
"google/gemini-2.5-flash-image-preview","☆Google: Gemini 2.5 Flash Image Preview (Nano Banana)","2025-08-26","32768","0.30","2.50","-","✓","-","✓","-"
"google/gemini-2.5-flash-lite","☆Google: Gemini 2.5 Flash Lite","2025-07-22","1048576","0.10","0.40","✓","✓","✓","✓","-"
"google/gemini-2.5-flash-lite-preview-09-2025","☆Google: Gemini 2.5 Flash Lite Preview 09-2025","2025-09-25","1048576","0.10","0.40","✓","✓","✓","✓","-"
"google/gemini-2.5-flash-preview-09-2025","☆Google: Gemini 2.5 Flash Preview 09-2025","2025-09-25","1048576","0.30","2.50","✓","✓","✓","✓","-"
"google/gemini-2.5-pro","☆Google: Gemini 2.5 Pro","2025-06-17","1048576","1.25","10.00","✓","✓","✓","✓","-"
"google/gemini-2.5-pro-preview","☆Google: Gemini 2.5 Pro Preview 06-05","2025-06-05","1048576","1.25","10.00","✓","✓","✓","✓","-"
"google/gemini-2.5-pro-preview-05-06","☆Google: Gemini 2.5 Pro Preview 05-06","2025-05-07","1048576","1.25","10.00","✓","✓","✓","✓","-"
"google/gemini-3-pro-image-preview","☆Google: Nano Banana Pro (Gemini 3 Pro Image Preview)","2025-11-20","65536","2.00","12.00","-","✓","✓","✓","-"
"google/gemini-3-pro-preview","☆Google: Gemini 3 Pro Preview","2025-11-18","1048576","2.00","12.00","✓","✓","✓","✓","-"
"google/gemma-2-27b-it","☆Google: Gemma 2 27B","2024-07-13","8192","0.65","0.65","-","✓","-","✓","-"
"google/gemma-2-9b-it","☆Google: Gemma 2 9B","2024-06-28","8192","0.03","0.09","-","-","-","-","-"
"google/gemma-3-12b-it","☆Google: Gemma 3 12B","2025-03-13","131072","0.03","0.10","-","✓","-","✓","-"
"google/gemma-3-12b-it:free","☆Google: Gemma 3 12B (free)","2025-03-13","32768","0.00","0.00","-","-","-","-","-"
"google/gemma-3-27b-it","☆Google: Gemma 3 27B","2025-03-12","96000","0.04","0.15","✓","✓","-","✓","-"
"google/gemma-3-27b-it:free","☆Google: Gemma 3 27B (free)","2025-03-12","131072","0.00","0.00","-","✓","-","✓","-"
"google/gemma-3-4b-it","☆Google: Gemma 3 4B","2025-03-13","96000","0.02","0.07","-","-","-","✓","-"
"google/gemma-3-4b-it:free","☆Google: Gemma 3 4B (free)","2025-03-13","32768","0.00","0.00","-","✓","-","✓","-"
"google/gemma-3n-e2b-it:free","☆Google: Gemma 3n 2B (free)","2025-07-09","8192","0.00","0.00","-","-","-","✓","-"
"google/gemma-3n-e4b-it","☆Google: Gemma 3n 4B","2025-05-20","32768","0.02","0.04","-","-","-","-","-"
"google/gemma-3n-e4b-it:free","☆Google: Gemma 3n 4B (free)","2025-05-20","8192","0.00","0.00","-","-","-","✓","-"
"gryphe/mythomax-l2-13b","☆MythoMax 13B","2023-07-02","4096","0.06","0.06","-","✓","-","✓","-"
"ibm-granite/granite-4.0-h-micro","☆IBM: Granite 4.0 Micro","2025-10-20","131000","0.02","0.11","-","-","-","-","-"
"inception/mercury","☆Inception: Mercury","2025-06-26","128000","0.25","1.00","✓","✓","-","✓","-"
"inception/mercury-coder","☆Inception: Mercury Coder","2025-04-30","128000","0.25","1.00","✓","✓","-","✓","-"
"inflection/inflection-3-pi","☆Inflection: Inflection 3 Pi","2024-10-11","8000","2.50","10.00","-","-","-","-","-"
"inflection/inflection-3-productivity","☆Inflection: Inflection 3 Productivity","2024-10-11","8000","2.50","10.00","-","-","-","-","-"
"kwaipilot/kat-coder-pro:free","☆Kwaipilot: KAT-Coder-Pro V1 (free)","2025-11-10","256000","0.00","0.00","✓","✓","-","✓","-"
"liquid/lfm-2.2-6b","☆LiquidAI/LFM2-2.6B","2025-10-20","32768","0.05","0.10","-","-","-","-","-"
"liquid/lfm2-8b-a1b","☆LiquidAI/LFM2-8B-A1B","2025-10-20","32768","0.05","0.10","-","-","-","-","-"
"mancer/weaver","☆Mancer: Weaver (alpha)","2023-08-02","8000","1.13","1.13","-","-","-","✓","-"
"meituan/longcat-flash-chat","☆Meituan: LongCat Flash Chat","2025-09-09","131072","0.15","0.75","-","-","-","-","-"
"meituan/longcat-flash-chat:free","☆Meituan: LongCat Flash Chat (free)","2025-09-09","131072","0.00","0.00","✓","✓","-","✓","-"
"meta-llama/llama-3-70b-instruct","☆Meta: Llama 3 70B Instruct","2024-04-18","8192","0.30","0.40","✓","✓","-","✓","-"
"meta-llama/llama-3-8b-instruct","☆Meta: Llama 3 8B Instruct","2024-04-18","8192","0.03","0.06","✓","-","-","✓","-"
"meta-llama/llama-3.1-405b","☆Meta: Llama 3.1 405B (base)","2024-08-02","32768","4.00","4.00","-","-","-","-","-"
"meta-llama/llama-3.1-405b-instruct","☆Meta: Llama 3.1 405B Instruct","2024-07-23","130815","3.50","3.50","✓","✓","-","✓","-"
"meta-llama/llama-3.1-70b-instruct","☆Meta: Llama 3.1 70B Instruct","2024-07-23","131072","0.40","0.40","✓","-","-","✓","-"
"meta-llama/llama-3.1-8b-instruct","☆Meta: Llama 3.1 8B Instruct","2024-07-23","131072","0.02","0.03","✓","✓","-","✓","-"
"meta-llama/llama-3.2-11b-vision-instruct","☆Meta: Llama 3.2 11B Vision Instruct","2024-09-25","131072","0.05","0.05","-","-","-","✓","-"
"meta-llama/llama-3.2-1b-instruct","☆Meta: Llama 3.2 1B Instruct","2024-09-25","60000","0.03","0.20","-","-","-","-","-"
"meta-llama/llama-3.2-3b-instruct","☆Meta: Llama 3.2 3B Instruct","2024-09-25","131072","0.02","0.02","✓","-","-","✓","-"
"meta-llama/llama-3.2-3b-instruct:free","☆Meta: Llama 3.2 3B Instruct (free)","2024-09-25","131072","0.00","0.00","-","-","-","-","-"
"meta-llama/llama-3.2-90b-vision-instruct","☆Meta: Llama 3.2 90B Vision Instruct","2024-09-25","32768","0.35","0.40","-","-","-","✓","-"
"meta-llama/llama-3.3-70b-instruct","☆Meta: Llama 3.3 70B Instruct","2024-12-06","131072","0.11","0.32","✓","✓","-","✓","-"
"meta-llama/llama-3.3-70b-instruct:free","☆Meta: Llama 3.3 70B Instruct (free)","2024-12-06","131072","0.00","0.00","✓","-","-","-","-"
"meta-llama/llama-4-maverick","☆Meta: Llama 4 Maverick","2025-04-05","1048576","0.15","0.60","✓","✓","-","✓","-"
"meta-llama/llama-4-scout","☆Meta: Llama 4 Scout","2025-04-05","327680","0.08","0.30","✓","✓","-","✓","-"
"meta-llama/llama-guard-2-8b","☆Meta: LlamaGuard 2 8B","2024-05-13","8192","0.20","0.20","-","-","-","-","-"
"meta-llama/llama-guard-3-8b","☆Llama Guard 3 8B","2025-02-12","131072","0.02","0.06","-","-","-","✓","-"
"meta-llama/llama-guard-4-12b","☆Meta: Llama Guard 4 12B","2025-04-30","163840","0.18","0.18","-","-","-","✓","-"
"microsoft/mai-ds-r1","☆Microsoft: MAI DS R1","2025-04-21","163840","0.30","1.20","-","✓","✓","✓","-"
"microsoft/phi-3-medium-128k-instruct","☆Microsoft: Phi-3 Medium 128K Instruct","2024-05-24","128000","1.00","1.00","✓","-","-","-","-"
"microsoft/phi-3-mini-128k-instruct","☆Microsoft: Phi-3 Mini 128K Instruct","2024-05-26","128000","0.10","0.10","✓","-","-","-","-"
"microsoft/phi-3.5-mini-128k-instruct","☆Microsoft: Phi-3.5 Mini 128K Instruct","2024-08-21","128000","0.10","0.10","✓","-","-","-","-"
"microsoft/phi-4","☆Microsoft: Phi 4","2025-01-10","16384","0.06","0.14","-","✓","-","✓","-"
"microsoft/phi-4-multimodal-instruct","☆Microsoft: Phi 4 Multimodal Instruct","2025-03-08","131072","0.05","0.10","-","-","-","✓","-"
"microsoft/phi-4-reasoning-plus","☆Microsoft: Phi 4 Reasoning Plus","2025-05-01","32768","0.07","0.35","-","-","✓","✓","-"
"microsoft/wizardlm-2-8x22b","☆WizardLM-2 8x22B","2024-04-16","65536","0.48","0.48","-","-","-","✓","-"
"minimax/minimax-01","☆MiniMax: MiniMax-01","2025-01-15","1000192","0.20","1.10","-","-","-","-","-"
"minimax/minimax-m1","☆MiniMax: MiniMax M1","2025-06-17","1000000","0.40","2.20","✓","-","✓","-","-"
"minimax/minimax-m2","☆MiniMax: MiniMax M2","2025-10-23","262144","0.25","1.02","✓","✓","✓","✓","-"
"mistralai/codestral-2508","☆Mistral: Codestral 2508","2025-08-01","256000","0.30","0.90","✓","✓","-","✓","-"
"mistralai/devstral-2512:free","☆Mistral: Devstral 2 2512 (free)","2025-12-09","262144","0.00","0.00","✓","✓","-","✓","-"
"mistralai/devstral-medium","☆Mistral: Devstral Medium","2025-07-10","131072","0.40","2.00","✓","✓","-","✓","-"
"mistralai/devstral-small","☆Mistral: Devstral Small 1.1","2025-07-10","128000","0.07","0.28","✓","✓","-","✓","-"
"mistralai/devstral-small-2505","☆Mistral: Devstral Small 2505","2025-05-21","128000","0.06","0.12","-","-","-","✓","-"
"mistralai/ministral-14b-2512","☆Mistral: Ministral 3 14B 2512","2025-12-02","262144","0.20","0.20","✓","✓","-","✓","-"
"mistralai/ministral-3b","☆Mistral: Ministral 3B","2024-10-17","131072","0.04","0.04","✓","✓","-","✓","-"
"mistralai/ministral-3b-2512","☆Mistral: Ministral 3 3B 2512","2025-12-02","131072","0.10","0.10","✓","✓","-","✓","-"
"mistralai/ministral-8b","☆Mistral: Ministral 8B","2024-10-17","131072","0.10","0.10","✓","✓","-","✓","-"
"mistralai/ministral-8b-2512","☆Mistral: Ministral 3 8B 2512","2025-12-02","262144","0.15","0.15","✓","✓","-","✓","-"
"mistralai/mistral-7b-instruct","☆Mistral: Mistral 7B Instruct","2024-05-27","32768","0.03","0.05","✓","-","-","✓","-"
"mistralai/mistral-7b-instruct-v0.1","☆Mistral: Mistral 7B Instruct v0.1","2023-09-28","2824","0.11","0.19","-","-","-","-","-"
"mistralai/mistral-7b-instruct-v0.2","☆Mistral: Mistral 7B Instruct v0.2","2023-12-28","32768","0.20","0.20","-","-","-","-","-"
"mistralai/mistral-7b-instruct-v0.3","☆Mistral: Mistral 7B Instruct v0.3","2024-05-27","32768","0.20","0.20","-","-","-","-","-"
"mistralai/mistral-7b-instruct:free","☆Mistral: Mistral 7B Instruct (free)","2024-05-27","32768","0.00","0.00","✓","-","-","✓","-"
"mistralai/mistral-large","☆Mistral Large","2024-02-26","128000","2.00","6.00","✓","✓","-","✓","-"
"mistralai/mistral-large-2407","☆Mistral Large 2407","2024-11-19","131072","2.00","6.00","✓","✓","-","✓","-"
"mistralai/mistral-large-2411","☆Mistral Large 2411","2024-11-19","131072","2.00","6.00","✓","✓","-","✓","-"
"mistralai/mistral-large-2512","☆Mistral: Mistral Large 3 2512","2025-12-01","262144","0.50","1.50","✓","✓","-","✓","-"
"mistralai/mistral-medium-3","☆Mistral: Mistral Medium 3","2025-05-07","131072","0.40","2.00","✓","✓","-","✓","-"
"mistralai/mistral-medium-3.1","☆Mistral: Mistral Medium 3.1","2025-08-13","131072","0.40","2.00","✓","✓","-","✓","-"
"mistralai/mistral-nemo","☆Mistral: Mistral Nemo","2024-07-19","131072","0.02","0.04","✓","✓","-","✓","-"
"mistralai/mistral-saba","☆Mistral: Saba","2025-02-17","32768","0.20","0.60","✓","✓","-","✓","-"
"mistralai/mistral-small-24b-instruct-2501","☆Mistral: Mistral Small 3","2025-01-30","32768","0.03","0.11","✓","✓","-","✓","-"
"mistralai/mistral-small-3.1-24b-instruct","☆Mistral: Mistral Small 3.1 24B","2025-03-17","131072","0.03","0.11","✓","✓","-","✓","-"
"mistralai/mistral-small-3.1-24b-instruct:free","☆Mistral: Mistral Small 3.1 24B (free)","2025-03-17","128000","0.00","0.00","✓","✓","-","✓","-"
"mistralai/mistral-small-3.2-24b-instruct","☆Mistral: Mistral Small 3.2 24B","2025-06-20","131072","0.06","0.18","✓","✓","-","✓","-"
"mistralai/mistral-tiny","☆Mistral Tiny","2024-01-10","32768","0.25","0.25","✓","✓","-","✓","-"
"mistralai/mixtral-8x22b-instruct","☆Mistral: Mixtral 8x22B Instruct","2024-04-17","65536","2.00","6.00","✓","✓","-","✓","-"
"mistralai/mixtral-8x7b-instruct","☆Mistral: Mixtral 8x7B Instruct","2023-12-10","32768","0.54","0.54","✓","-","-","✓","-"
"mistralai/pixtral-12b","☆Mistral: Pixtral 12B","2024-09-10","32768","0.10","0.10","✓","✓","-","✓","-"
"mistralai/pixtral-large-2411","☆Mistral: Pixtral Large 2411","2024-11-19","131072","2.00","6.00","✓","✓","-","✓","-"
"mistralai/voxtral-small-24b-2507","☆Mistral: Voxtral Small 24B 2507","2025-10-30","32000","0.10","0.30","✓","✓","-","✓","-"
"moonshotai/kimi-dev-72b","☆MoonshotAI: Kimi Dev 72B","2025-06-16","131072","0.29","1.15","-","✓","✓","✓","-"
"moonshotai/kimi-k2","☆MoonshotAI: Kimi K2 0711","2025-07-11","131072","0.46","1.84","✓","✓","-","✓","-"
"moonshotai/kimi-k2-0905","☆MoonshotAI: Kimi K2 0905","2025-09-04","262144","0.39","1.90","✓","✓","-","✓","-"
"moonshotai/kimi-k2-0905:exacto","☆MoonshotAI: Kimi K2 0905 (exacto)","2025-09-04","262144","0.60","2.50","✓","✓","-","✓","-"
"moonshotai/kimi-k2-thinking","☆MoonshotAI: Kimi K2 Thinking","2025-11-06","262144","0.45","2.35","✓","✓","✓","✓","-"
"moonshotai/kimi-k2:free","☆MoonshotAI: Kimi K2 0711 (free)","2025-07-11","32768","0.00","0.00","-","-","-","-","-"
"moonshotai/kimi-linear-48b-a3b-instruct","☆MoonshotAI: Kimi Linear 48B A3B Instruct","2025-11-08","1048576","0.70","0.90","-","✓","-","✓","-"
"morph/morph-v3-fast","☆Morph: Morph V3 Fast","2025-07-07","81920","0.80","1.20","-","-","-","-","-"
"morph/morph-v3-large","☆Morph: Morph V3 Large","2025-07-07","262144","0.90","1.90","-","-","-","-","-"
"neversleep/llama-3.1-lumimaid-8b","☆NeverSleep: Lumimaid v0.2 8B","2024-09-15","32768","0.09","0.60","-","✓","-","✓","-"
"neversleep/noromaid-20b","☆Noromaid 20B","2023-11-26","4096","1.00","1.75","-","✓","-","✓","-"
"nousresearch/deephermes-3-mistral-24b-preview","☆Nous: DeepHermes 3 Mistral 24B Preview","2025-05-09","32768","0.05","0.20","✓","✓","✓","✓","-"
"nousresearch/hermes-2-pro-llama-3-8b","☆NousResearch: Hermes 2 Pro - Llama-3 8B","2024-05-27","8192","0.02","0.08","-","✓","-","✓","-"
"nousresearch/hermes-3-llama-3.1-405b","☆Nous: Hermes 3 405B Instruct","2024-08-16","131072","1.00","1.00","-","-","-","✓","-"
"nousresearch/hermes-3-llama-3.1-405b:free","☆Nous: Hermes 3 405B Instruct (free)","2024-08-16","131072","0.00","0.00","-","-","-","-","-"
"nousresearch/hermes-3-llama-3.1-70b","☆Nous: Hermes 3 70B Instruct","2024-08-18","65536","0.30","0.30","-","✓","-","✓","-"
"nousresearch/hermes-4-405b","☆Nous: Hermes 4 405B","2025-08-26","131072","0.30","1.20","✓","✓","✓","✓","-"
"nousresearch/hermes-4-70b","☆Nous: Hermes 4 70B","2025-08-26","131072","0.11","0.38","✓","✓","✓","✓","-"
"nvidia/llama-3.1-nemotron-70b-instruct","☆NVIDIA: Llama 3.1 Nemotron 70B Instruct","2024-10-15","131072","1.20","1.20","✓","-","-","✓","-"
"nvidia/llama-3.1-nemotron-ultra-253b-v1","☆NVIDIA: Llama 3.1 Nemotron Ultra 253B v1","2025-04-08","131072","0.60","1.80","-","✓","✓","✓","-"
"nvidia/llama-3.3-nemotron-super-49b-v1.5","☆NVIDIA: Llama 3.3 Nemotron Super 49B V1.5","2025-10-10","131072","0.10","0.40","✓","-","✓","✓","-"
"nvidia/nemotron-nano-12b-v2-vl","☆NVIDIA: Nemotron Nano 12B 2 VL","2025-10-28","131072","0.20","0.60","-","-","✓","✓","-"
"nvidia/nemotron-nano-12b-v2-vl:free","☆NVIDIA: Nemotron Nano 12B 2 VL (free)","2025-10-28","128000","0.00","0.00","✓","-","✓","-","-"
"nvidia/nemotron-nano-9b-v2","☆NVIDIA: Nemotron Nano 9B V2","2025-09-05","131072","0.04","0.16","✓","-","✓","✓","-"
"nvidia/nemotron-nano-9b-v2:free","☆NVIDIA: Nemotron Nano 9B V2 (free)","2025-09-05","128000","0.00","0.00","✓","✓","✓","✓","-"
"openai/chatgpt-4o-latest","☆OpenAI: ChatGPT-4o","2024-08-14","128000","5.00","15.00","-","✓","-","✓","-"
"openai/codex-mini","☆OpenAI: Codex Mini","2025-05-16","200000","1.50","6.00","✓","✓","✓","✓","-"
"openai/gpt-3.5-turbo","☆OpenAI: GPT-3.5 Turbo","2023-05-28","16385","0.50","1.50","✓","✓","-","✓","-"
"openai/gpt-3.5-turbo-0613","☆OpenAI: GPT-3.5 Turbo (older v0613)","2024-01-25","4095","1.00","2.00","✓","✓","-","✓","-"
"openai/gpt-3.5-turbo-16k","☆OpenAI: GPT-3.5 Turbo 16k","2023-08-28","16385","3.00","4.00","✓","✓","-","✓","-"
"openai/gpt-3.5-turbo-instruct","☆OpenAI: GPT-3.5 Turbo Instruct","2023-09-28","4095","1.50","2.00","-","✓","-","✓","-"
"openai/gpt-4","☆OpenAI: GPT-4","2023-05-28","8191","30.00","60.00","✓","✓","-","✓","-"
"openai/gpt-4-0314","☆OpenAI: GPT-4 (older v0314)","2023-05-28","8191","30.00","60.00","✓","✓","-","✓","-"
"openai/gpt-4-1106-preview","☆OpenAI: GPT-4 Turbo (older v1106)","2023-11-06","128000","10.00","30.00","✓","✓","-","✓","-"
"openai/gpt-4-turbo","☆OpenAI: GPT-4 Turbo","2024-04-09","128000","10.00","30.00","✓","✓","-","✓","-"
"openai/gpt-4-turbo-preview","☆OpenAI: GPT-4 Turbo Preview","2024-01-25","128000","10.00","30.00","✓","✓","-","✓","-"
"openai/gpt-4.1","☆OpenAI: GPT-4.1","2025-04-14","1047576","2.00","8.00","✓","✓","-","✓","-"
"openai/gpt-4.1-mini","☆OpenAI: GPT-4.1 Mini","2025-04-14","1047576","0.40","1.60","✓","✓","-","✓","-"
"openai/gpt-4.1-nano","☆OpenAI: GPT-4.1 Nano","2025-04-14","1047576","0.10","0.40","✓","✓","-","✓","-"
"openai/gpt-4o","☆OpenAI: GPT-4o","2024-05-13","128000","2.50","10.00","✓","✓","-","✓","✓"
"openai/gpt-4o-2024-05-13","☆OpenAI: GPT-4o (2024-05-13)","2024-05-13","128000","5.00","15.00","✓","✓","-","✓","✓"
"openai/gpt-4o-2024-08-06","☆OpenAI: GPT-4o (2024-08-06)","2024-08-06","128000","2.50","10.00","✓","✓","-","✓","✓"
"openai/gpt-4o-2024-11-20","☆OpenAI: GPT-4o (2024-11-20)","2024-11-20","128000","2.50","10.00","✓","✓","-","✓","✓"
"openai/gpt-4o-audio-preview","☆OpenAI: GPT-4o Audio","2025-08-15","128000","2.50","10.00","✓","✓","-","✓","-"
"openai/gpt-4o-mini","☆OpenAI: GPT-4o-mini","2024-07-18","128000","0.15","0.60","✓","✓","-","✓","✓"
"openai/gpt-4o-mini-2024-07-18","☆OpenAI: GPT-4o-mini (2024-07-18)","2024-07-18","128000","0.15","0.60","✓","✓","-","✓","✓"
"openai/gpt-4o-mini-search-preview","☆OpenAI: GPT-4o-mini Search Preview","2025-03-12","128000","0.15","0.60","-","✓","-","✓","✓"
"openai/gpt-4o-search-preview","☆OpenAI: GPT-4o Search Preview","2025-03-12","128000","2.50","10.00","-","✓","-","✓","✓"
"openai/gpt-4o:extended","☆OpenAI: GPT-4o (extended)","2024-05-13","128000","6.00","18.00","✓","✓","-","✓","✓"
"openai/gpt-5","☆OpenAI: GPT-5","2025-08-07","400000","1.25","10.00","✓","✓","✓","✓","-"
"openai/gpt-5-chat","☆OpenAI: GPT-5 Chat","2025-08-07","128000","1.25","10.00","-","✓","-","✓","-"
"openai/gpt-5-codex","☆OpenAI: GPT-5 Codex","2025-09-23","400000","1.25","10.00","✓","✓","✓","✓","-"
"openai/gpt-5-image","☆OpenAI: GPT-5 Image","2025-10-14","400000","10.00","10.00","✓","✓","✓","✓","-"
"openai/gpt-5-image-mini","☆OpenAI: GPT-5 Image Mini","2025-10-16","400000","2.50","2.00","✓","✓","✓","✓","-"
"openai/gpt-5-mini","☆OpenAI: GPT-5 Mini","2025-08-07","400000","0.25","2.00","✓","✓","✓","✓","-"
"openai/gpt-5-nano","☆OpenAI: GPT-5 Nano","2025-08-07","400000","0.05","0.40","✓","✓","✓","✓","-"
"openai/gpt-5-pro","☆OpenAI: GPT-5 Pro","2025-10-06","400000","15.00","120.00","✓","✓","✓","✓","-"
"openai/gpt-5.1","☆OpenAI: GPT-5.1","2025-11-13","400000","1.25","10.00","✓","✓","✓","✓","-"
"openai/gpt-5.1-chat","☆OpenAI: GPT-5.1 Chat","2025-11-13","128000","1.25","10.00","✓","✓","-","✓","-"
"openai/gpt-5.1-codex","☆OpenAI: GPT-5.1-Codex","2025-11-13","400000","1.25","10.00","✓","✓","✓","✓","-"
"openai/gpt-5.1-codex-max","☆OpenAI: GPT-5.1-Codex-Max","2025-12-04","400000","1.25","10.00","✓","✓","✓","✓","-"
"openai/gpt-5.1-codex-mini","☆OpenAI: GPT-5.1-Codex-Mini","2025-11-13","400000","0.25","2.00","✓","✓","✓","✓","-"
"openai/gpt-oss-120b","☆OpenAI: gpt-oss-120b","2025-08-05","131072","0.04","0.19","✓","✓","✓","✓","-"
"openai/gpt-oss-120b:exacto","☆OpenAI: gpt-oss-120b (exacto)","2025-08-05","131072","0.04","0.19","✓","✓","✓","✓","-"
"openai/gpt-oss-120b:free","☆OpenAI: gpt-oss-120b (free)","2025-08-05","131072","0.00","0.00","✓","-","✓","-","-"
"openai/gpt-oss-20b","☆OpenAI: gpt-oss-20b","2025-08-05","131072","0.03","0.14","✓","✓","✓","✓","-"
"openai/gpt-oss-20b:free","☆OpenAI: gpt-oss-20b (free)","2025-08-05","131072","0.00","0.00","✓","✓","✓","✓","-"
"openai/gpt-oss-safeguard-20b","☆OpenAI: gpt-oss-safeguard-20b","2025-10-29","131072","0.07","0.30","✓","-","✓","✓","-"
"openai/o1","☆OpenAI: o1","2024-12-17","200000","15.00","60.00","✓","✓","-","✓","-"
"openai/o1-pro","☆OpenAI: o1-pro","2025-03-19","200000","150.00","600.00","-","✓","✓","✓","-"
"openai/o3","☆OpenAI: o3","2025-04-16","200000","2.00","8.00","✓","✓","✓","✓","-"
"openai/o3-deep-research","☆OpenAI: o3 Deep Research","2025-10-10","200000","10.00","40.00","✓","✓","✓","✓","-"
"openai/o3-mini","☆OpenAI: o3 Mini","2025-01-31","200000","1.10","4.40","✓","✓","-","✓","-"
"openai/o3-mini-high","☆OpenAI: o3 Mini High","2025-02-12","200000","1.10","4.40","✓","✓","-","✓","-"
"openai/o3-pro","☆OpenAI: o3 Pro","2025-06-10","200000","20.00","80.00","✓","✓","✓","✓","-"
"openai/o4-mini","☆OpenAI: o4 Mini","2025-04-16","200000","1.10","4.40","✓","✓","✓","✓","-"
"openai/o4-mini-deep-research","☆OpenAI: o4 Mini Deep Research","2025-10-10","200000","2.00","8.00","✓","✓","✓","✓","-"
"openai/o4-mini-high","☆OpenAI: o4 Mini High","2025-04-16","200000","1.10","4.40","✓","✓","✓","✓","-"
"opengvlab/internvl3-78b","☆OpenGVLab: InternVL3 78B","2025-09-15","32768","0.10","0.39","-","✓","-","✓","-"
"openrouter/auto","☆Auto Router","2023-11-08","2000000","-1","-1","-","-","-","-","-"
"openrouter/bodybuilder","☆Body Builder","2025-12-05","128000","-1000000.00","-1000000.00","-","-","-","-","-"
"perplexity/sonar","☆Perplexity: Sonar","2025-01-27","127072","1.00","1.00","-","-","-","-","✓"
"perplexity/sonar-deep-research","☆Perplexity: Sonar Deep Research","2025-03-07","128000","2.00","8.00","-","-","✓","-","✓"
"perplexity/sonar-pro","☆Perplexity: Sonar Pro","2025-03-07","200000","3.00","15.00","-","-","-","-","✓"
"perplexity/sonar-pro-search","☆Perplexity: Sonar Pro Search","2025-10-30","200000","3.00","15.00","-","✓","✓","-","✓"
"perplexity/sonar-reasoning","☆Perplexity: Sonar Reasoning","2025-01-29","127000","1.00","5.00","-","-","✓","-","✓"
"perplexity/sonar-reasoning-pro","☆Perplexity: Sonar Reasoning Pro","2025-03-07","128000","2.00","8.00","-","-","✓","-","✓"
"prime-intellect/intellect-3","☆Prime Intellect: INTELLECT-3","2025-11-27","131072","0.20","1.10","✓","✓","✓","✓","-"
"qwen/qwen-2.5-72b-instruct","☆Qwen2.5 72B Instruct","2024-09-19","32768","0.07","0.26","✓","✓","-","✓","-"
"qwen/qwen-2.5-7b-instruct","☆Qwen: Qwen2.5 7B Instruct","2024-10-16","32768","0.04","0.10","-","-","-","-","-"
"qwen/qwen-2.5-coder-32b-instruct","☆Qwen2.5 Coder 32B Instruct","2024-11-11","32768","0.03","0.11","-","✓","-","✓","-"
"qwen/qwen-2.5-vl-7b-instruct","☆Qwen: Qwen2.5-VL 7B Instruct","2024-08-28","32768","0.20","0.20","-","-","-","-","-"
"qwen/qwen-max","☆Qwen: Qwen-Max","2025-02-01","32768","1.60","6.40","✓","-","-","✓","-"
"qwen/qwen-plus","☆Qwen: Qwen-Plus","2025-02-01","131072","0.40","1.20","✓","-","-","✓","-"
"qwen/qwen-plus-2025-07-28","☆Qwen: Qwen Plus 0728","2025-09-08","1000000","0.40","1.20","✓","✓","-","✓","-"
"qwen/qwen-plus-2025-07-28:thinking","☆Qwen: Qwen Plus 0728 (thinking)","2025-09-08","1000000","0.40","4.00","✓","✓","✓","✓","-"
"qwen/qwen-turbo","☆Qwen: Qwen-Turbo","2025-02-01","1000000","0.05","0.20","✓","-","-","✓","-"
"qwen/qwen-vl-max","☆Qwen: Qwen VL Max","2025-02-01","131072","0.80","3.20","✓","-","-","✓","-"
"qwen/qwen-vl-plus","☆Qwen: Qwen VL Plus","2025-02-05","7500","0.21","0.63","-","-","-","✓","-"
"qwen/qwen2.5-coder-7b-instruct","☆Qwen: Qwen2.5 Coder 7B Instruct","2025-04-15","32768","0.03","0.09","-","✓","-","✓","-"
"qwen/qwen2.5-vl-32b-instruct","☆Qwen: Qwen2.5 VL 32B Instruct","2025-03-24","16384","0.05","0.22","-","✓","-","✓","-"
"qwen/qwen2.5-vl-72b-instruct","☆Qwen: Qwen2.5 VL 72B Instruct","2025-02-01","32768","0.03","0.13","-","✓","-","✓","-"
"qwen/qwen3-14b","☆Qwen: Qwen3 14B","2025-04-28","40960","0.05","0.22","✓","✓","✓","✓","-"
"qwen/qwen3-235b-a22b","☆Qwen: Qwen3 235B A22B","2025-04-28","40960","0.18","0.54","✓","✓","✓","✓","-"
"qwen/qwen3-235b-a22b-2507","☆Qwen: Qwen3 235B A22B Instruct 2507","2025-07-21","262144","0.07","0.46","✓","✓","✓","✓","-"
"qwen/qwen3-235b-a22b-thinking-2507","☆Qwen: Qwen3 235B A22B Thinking 2507","2025-07-25","262144","0.11","0.60","✓","✓","✓","✓","-"
"qwen/qwen3-235b-a22b:free","☆Qwen: Qwen3 235B A22B (free)","2025-04-28","131072","0.00","0.00","✓","✓","✓","✓","-"
"qwen/qwen3-30b-a3b","☆Qwen: Qwen3 30B A3B","2025-04-28","40960","0.06","0.22","✓","✓","✓","✓","-"
"qwen/qwen3-30b-a3b-instruct-2507","☆Qwen: Qwen3 30B A3B Instruct 2507","2025-07-29","262144","0.08","0.33","✓","✓","-","✓","-"
"qwen/qwen3-30b-a3b-thinking-2507","☆Qwen: Qwen3 30B A3B Thinking 2507","2025-08-28","32768","0.05","0.34","✓","✓","✓","✓","-"
"qwen/qwen3-32b","☆Qwen: Qwen3 32B","2025-04-28","40960","0.08","0.24","✓","✓","✓","✓","-"
"qwen/qwen3-4b:free","☆Qwen: Qwen3 4B (free)","2025-04-30","40960","0.00","0.00","✓","✓","✓","✓","-"
"qwen/qwen3-8b","☆Qwen: Qwen3 8B","2025-04-28","128000","0.03","0.11","✓","✓","✓","✓","-"
"qwen/qwen3-coder","☆Qwen: Qwen3 Coder 480B A35B","2025-07-23","262144","0.22","0.95","✓","✓","✓","✓","-"
"qwen/qwen3-coder-30b-a3b-instruct","☆Qwen: Qwen3 Coder 30B A3B Instruct","2025-07-31","262144","0.06","0.25","✓","✓","-","✓","-"
"qwen/qwen3-coder-flash","☆Qwen: Qwen3 Coder Flash","2025-09-17","128000","0.30","1.50","✓","-","-","✓","-"
"qwen/qwen3-coder-plus","☆Qwen: Qwen3 Coder Plus","2025-09-23","128000","1.00","5.00","✓","✓","-","✓","-"
"qwen/qwen3-coder:exacto","☆Qwen: Qwen3 Coder 480B A35B (exacto)","2025-07-23","262144","0.38","1.53","✓","✓","✓","✓","-"
"qwen/qwen3-coder:free","☆Qwen: Qwen3 Coder 480B A35B (free)","2025-07-23","262000","0.00","0.00","✓","-","-","-","-"
"qwen/qwen3-max","☆Qwen: Qwen3 Max","2025-09-23","256000","1.20","6.00","✓","-","-","✓","-"
"qwen/qwen3-next-80b-a3b-instruct","☆Qwen: Qwen3 Next 80B A3B Instruct","2025-09-11","262144","0.10","0.80","✓","✓","-","✓","-"
"qwen/qwen3-next-80b-a3b-thinking","☆Qwen: Qwen3 Next 80B A3B Thinking","2025-09-11","131072","0.12","1.20","✓","✓","✓","✓","-"
"qwen/qwen3-vl-235b-a22b-instruct","☆Qwen: Qwen3 VL 235B A22B Instruct","2025-09-23","262144","0.20","1.20","✓","✓","-","✓","-"
"qwen/qwen3-vl-235b-a22b-thinking","☆Qwen: Qwen3 VL 235B A22B Thinking","2025-09-23","262144","0.30","1.20","✓","✓","✓","✓","-"
"qwen/qwen3-vl-30b-a3b-instruct","☆Qwen: Qwen3 VL 30B A3B Instruct","2025-10-06","131072","0.14","1.00","✓","✓","-","✓","-"
"qwen/qwen3-vl-30b-a3b-thinking","☆Qwen: Qwen3 VL 30B A3B Thinking","2025-10-06","131072","0.16","0.80","✓","✓","✓","✓","-"
"qwen/qwen3-vl-8b-instruct","☆Qwen: Qwen3 VL 8B Instruct","2025-10-14","131072","0.06","0.40","✓","✓","-","✓","-"
"qwen/qwen3-vl-8b-thinking","☆Qwen: Qwen3 VL 8B Thinking","2025-10-14","256000","0.18","2.10","✓","✓","✓","✓","-"
"qwen/qwq-32b","☆Qwen: QwQ 32B","2025-03-05","32768","0.15","0.40","✓","✓","✓","✓","-"
"raifle/sorcererlm-8x22b","☆SorcererLM 8x22B","2024-11-08","16000","4.50","4.50","-","-","-","-","-"
"relace/relace-apply-3","☆Relace: Relace Apply 3","2025-09-26","256000","0.85","1.25","-","-","-","-","-"
"relace/relace-search","☆Relace: Relace Search","2025-12-08","256000","1.00","3.00","✓","-","-","-","-"
"sao10k/l3-euryale-70b","☆Sao10k: Llama 3 Euryale 70B v2.1","2024-06-18","8192","1.48","1.48","✓","-","-","-","-"
"sao10k/l3-lunaris-8b","☆Sao10K: Llama 3 8B Lunaris","2024-08-13","8192","0.04","0.05","-","✓","-","✓","-"
"sao10k/l3.1-70b-hanami-x1","☆Sao10K: Llama 3.1 70B Hanami x1","2025-01-08","16000","3.00","3.00","-","-","-","-","-"
"sao10k/l3.1-euryale-70b","☆Sao10K: Llama 3.1 Euryale 70B v2.2","2024-08-28","32768","0.65","0.75","✓","✓","-","✓","-"
"sao10k/l3.3-euryale-70b","☆Sao10K: Llama 3.3 Euryale 70B","2024-12-18","131072","0.65","0.75","-","✓","-","✓","-"
"stepfun-ai/step3","☆StepFun: Step3","2025-08-28","65536","0.57","1.42","✓","✓","✓","✓","-"
"switchpoint/router","☆Switchpoint Router","2025-07-11","131072","0.85","3.40","-","-","✓","-","-"
"tencent/hunyuan-a13b-instruct","☆Tencent: Hunyuan A13B Instruct","2025-07-08","131072","0.14","0.57","-","✓","✓","✓","-"
"thedrummer/anubis-70b-v1.1","☆TheDrummer: Anubis 70B V1.1","2025-06-29","131072","0.75","1.00","-","-","-","-","-"
"thedrummer/cydonia-24b-v4.1","☆TheDrummer: Cydonia 24B V4.1","2025-09-27","131072","0.30","0.50","-","✓","-","✓","-"
"thedrummer/rocinante-12b","☆TheDrummer: Rocinante 12B","2024-09-30","32768","0.17","0.43","✓","✓","-","✓","-"
"thedrummer/skyfall-36b-v2","☆TheDrummer: Skyfall 36B V2","2025-03-10","32768","0.55","0.80","-","-","-","-","-"
"thedrummer/unslopnemo-12b","☆TheDrummer: UnslopNemo 12B","2024-11-08","32768","0.40","0.40","✓","✓","-","✓","-"
"thudm/glm-4.1v-9b-thinking","☆THUDM: GLM 4.1V 9B Thinking","2025-07-11","65536","0.03","0.11","-","-","✓","-","-"
"tngtech/deepseek-r1t-chimera","☆TNG: DeepSeek R1T Chimera","2025-04-27","163840","0.30","1.20","-","✓","✓","✓","-"
"tngtech/deepseek-r1t-chimera:free","☆TNG: DeepSeek R1T Chimera (free)","2025-04-27","163840","0.00","0.00","-","-","✓","-","-"
"tngtech/deepseek-r1t2-chimera","☆TNG: DeepSeek R1T2 Chimera","2025-07-08","163840","0.30","1.20","✓","✓","✓","✓","-"
"tngtech/deepseek-r1t2-chimera:free","☆TNG: DeepSeek R1T2 Chimera (free)","2025-07-08","163840","0.00","0.00","-","-","✓","-","-"
"tngtech/tng-r1t-chimera","☆TNG: R1T Chimera","2025-11-26","163840","0.30","1.20","✓","✓","✓","✓","-"
"tngtech/tng-r1t-chimera:free","☆TNG: R1T Chimera (free)","2025-11-26","163840","0.00","0.00","✓","✓","✓","✓","-"
"undi95/remm-slerp-l2-13b","☆ReMM SLERP 13B","2023-07-22","6144","0.45","0.65","-","✓","-","✓","-"
"x-ai/grok-3","☆xAI: Grok 3","2025-06-10","131072","3.00","15.00","✓","✓","-","✓","-"
"x-ai/grok-3-beta","☆xAI: Grok 3 Beta","2025-04-09","131072","3.00","15.00","✓","-","-","✓","-"
"x-ai/grok-3-mini","☆xAI: Grok 3 Mini","2025-06-10","131072","0.30","0.50","✓","✓","✓","✓","-"
"x-ai/grok-3-mini-beta","☆xAI: Grok 3 Mini Beta","2025-04-09","131072","0.30","0.50","✓","-","✓","✓","-"
"x-ai/grok-4","☆xAI: Grok 4","2025-07-09","256000","3.00","15.00","✓","✓","✓","✓","-"
"x-ai/grok-4-fast","☆xAI: Grok 4 Fast","2025-09-19","2000000","0.20","0.50","✓","✓","✓","✓","-"
"x-ai/grok-4.1-fast","☆xAI: Grok 4.1 Fast","2025-11-19","2000000","0.20","0.50","✓","✓","✓","✓","-"
"x-ai/grok-code-fast-1","☆xAI: Grok Code Fast 1","2025-08-26","256000","0.20","1.50","✓","✓","✓","✓","-"
"z-ai/glm-4-32b","☆Z.AI: GLM 4 32B","2025-07-24","128000","0.10","0.10","✓","-","-","-","-"
"z-ai/glm-4.5","☆Z.AI: GLM 4.5","2025-07-25","131072","0.35","1.55","✓","✓","✓","✓","-"
"z-ai/glm-4.5-air","☆Z.AI: GLM 4.5 Air","2025-07-25","131072","0.10","0.68","✓","✓","✓","✓","-"
"z-ai/glm-4.5-air:free","☆Z.AI: GLM 4.5 Air (free)","2025-07-25","131072","0.00","0.00","✓","✓","✓","✓","-"
"z-ai/glm-4.5v","☆Z.AI: GLM 4.5V","2025-08-11","65536","0.48","1.44","✓","✓","✓","✓","-"
"z-ai/glm-4.6","☆Z.AI: GLM 4.6","2025-09-30","202752","0.40","1.75","✓","✓","✓","✓","-"
"z-ai/glm-4.6:exacto","☆Z.AI: GLM 4.6 (exacto)","2025-09-30","202752","0.43","1.75","✓","✓","✓","✓","-"
"z-ai/glm-4.6v","☆Z.AI: GLM 4.6V","2025-12-08","131072","0.30","0.90","✓","✓","✓","✓","-"